20120402080500,16.580000,16.580000,16.580000,16.580000,1900
20120402080700,16.580000,16.690000,16.580000,16.690000,1700
20120402080800,16.600000,16.700000,16.600000,16.600000,800
20120402080900,16.640000,16.700000,16.640000,16.700000,6300
20120402081000,16.790000,16.850000,16.790000,16.790000,664
20120402081100,16.630000,16.630000,16.620000,16.620000,1200
20120402081200,16.500000,16.500000,16.500000,16.500000,190
20120402081300,16.620000,16.620000,16.500000,16.500000,2300
20120402081400,16.500000,16.500000,16.500000,16.500000,10000
20120402081500,16.500000,16.580000,16.500000,16.580000,27000
20120402081700,16.600000,16.600000,16.600000,16.600000,590
20120402081800,16.600000,16.600000,16.600000,16.600000,1800
20120402081900,16.600000,16.600000,16.500000,16.500000,1200
20120402082000,16.500000,16.500000,16.500000,16.500000,15000
20120402082100,16.400000,16.420000,16.400000,16.410000,2450
20120402082200,16.410000,16.450000,16.400000,16.400000,3450
20120402082300,16.410000,16.410000,16.410000,16.410000,1200
20120402082400,16.400000,16.420000,16.400000,16.400000,8900
20120402082500,16.380000,16.380000,16.380000,16.380000,500
20120402082600,16.350000,16.360000,16.350000,16.350000,30100
20120402082700,16.350000,16.350000,16.300000,16.310000,12200
20120402082800,16.330000,16.330000,16.310000,16.310000,500
20120402082900,16.350000,16.350000,16.300000,16.300000,17506
20120402083000,16.340000,16.350000,16.340000,16.350000,1000
20120402083200,16.350000,16.350000,16.350000,16.350000,100
20120402083300,16.350000,16.350000,16.350000,16.350000,2100
20120402083400,16.310000,16.310000,16.310000,16.310000,601
20120402083500,16.320000,16.320000,16.310000,16.310000,222
20120402083600,16.350000,16.350000,16.350000,16.350000,500
20120402083700,16.350000,16.350000,16.350000,16.350000,7100
20120402084100,16.350000,16.350000,16.350000,16.350000,1640
20120402084200,16.320000,16.350000,16.310000,16.310000,2280
20120402084300,16.310000,16.350000,16.310000,16.350000,1500
20120402084500,16.350000,16.350000,16.350000,16.350000,400
20120402084600,16.350000,16.350000,16.310000,16.310000,691
20120402084800,16.340000,16.350000,16.340000,16.350000,5000
20120402084900,16.350000,16.350000,16.350000,16.350000,105
20120402085000,16.350000,16.350000,16.250000,16.250000,8548
20120402085100,16.250000,16.290000,16.240000,16.290000,9544
20120402085200,16.310000,16.310000,16.300000,16.300000,900
20120402085400,16.270000,16.270000,16.260000,16.260000,4100
20120402085500,16.270000,16.300000,16.260000,16.300000,725
20120402085600,16.300000,16.300000,16.300000,16.300000,1300
20120402085700,16.300000,16.300000,16.300000,16.300000,1400
20120402085800,16.350000,16.350000,16.350000,16.350000,1200
20120402085900,16.380000,16.600000,16.380000,16.580000,2800
20120402090100,16.600000,16.600000,16.600000,16.600000,100
20120402090200,16.510000,16.590000,16.500000,16.590000,400
20120402090300,16.600000,16.600000,16.550000,16.550000,400
20120402090400,16.550000,16.550000,16.550000,16.550000,900
20120402090500,16.550000,16.550000,16.530000,16.540000,700
20120402090600,16.540000,16.550000,16.540000,16.550000,1300
20120402090800,16.590000,16.590000,16.490000,16.490000,1100
20120402090900,16.500000,16.500000,16.420000,16.420000,680
20120402091000,16.460000,16.500000,16.460000,16.500000,1000
20120402091100,16.500000,16.500000,16.500000,16.500000,200
20120402091300,16.540000,16.540000,16.420000,16.420000,3500
20120402091400,16.410000,16.440000,16.410000,16.440000,500
20120402091500,16.450000,16.450000,16.450000,16.450000,50000
20120402091600,16.500000,16.500000,16.500000,16.500000,5300
20120402091700,16.500000,16.500000,16.500000,16.500000,100
20120402091800,16.600000,16.600000,16.600000,16.600000,1202
20120402091900,16.600000,16.600000,16.600000,16.600000,1100
20120402092000,16.600000,16.600000,16.600000,16.600000,1000
20120402092100,16.570000,16.570000,16.530000,16.530000,5300
20120402092200,16.550000,16.550000,16.550000,16.550000,500
20120402092300,16.530000,16.530000,16.530000,16.530000,500
20120402092400,16.550000,16.600000,16.550000,16.600000,1998
20120402092500,16.600000,16.600000,16.600000,16.600000,500
20120402092700,16.600000,16.600000,16.600000,16.600000,3000
20120402092800,16.600000,16.600000,16.570000,16.570000,200600
20120402092900,16.520000,16.560000,16.500000,16.500000,106736
20120402093000,16.500000,16.570000,16.440000,16.460000,192393
20120402093100,16.460000,16.540000,16.440000,16.510000,130862
20120402093200,16.510000,16.570000,16.300000,16.300000,135568
20120402093300,16.300000,16.300000,16.010000,16.230000,149188
20120402093400,16.230000,16.450000,16.210000,16.230000,116734
20120402093500,16.220000,16.240000,15.760000,15.950000,249717
20120402093600,15.950000,15.960000,15.700000,15.920000,120149
20120402093700,15.940000,16.080000,15.920000,16.010000,72738
20120402093800,16.000000,16.120000,16.000000,16.050000,181715
20120402093900,16.039000,16.130000,15.990000,16.000000,155399
20120402094000,15.990000,16.270000,15.990000,16.250000,81727
20120402094100,16.250000,16.320000,16.210000,16.270000,86735
20120402094200,16.260000,16.339900,16.260000,16.330000,47886
20120402094300,16.281000,16.440000,16.280000,16.310000,75698
20120402094400,16.349900,16.450000,16.300000,16.340000,91335
20120402094500,16.330000,16.360000,16.150000,16.225000,184860
20120402094600,16.217500,16.280000,16.150000,16.210000,39531
20120402094700,16.210000,16.259900,16.100000,16.125000,113443
20120402094800,16.130000,16.200000,16.120000,16.200000,14863
20120402094900,16.200000,16.270000,16.160000,16.270000,16117
20120402095000,16.240000,16.270000,16.210000,16.240000,14940
20120402095100,16.269300,16.360000,16.200000,16.350000,81223
20120402095200,16.350000,16.397000,16.350000,16.380000,291050
20120402095300,16.381800,16.390000,16.350000,16.350000,25924
20120402095400,16.355000,16.355000,16.280000,16.320000,7048
20120402095500,16.320000,16.360000,16.300000,16.330000,24719
20120402095600,16.282900,16.310000,16.280000,16.280000,2825
20120402095700,16.260000,16.270000,16.210000,16.217500,8396
20120402095800,16.210000,16.220000,16.180000,16.197700,30398
20120402095900,16.198400,16.270000,16.195000,16.255000,57662
20120402100000,16.251800,16.270000,16.250000,16.250000,9890
20120402100100,16.250000,16.270000,16.250000,16.250000,13870
20120402100200,16.260000,16.340000,16.220100,16.280000,57080
20120402100300,16.300000,16.300000,16.250000,16.250000,10910
20120402100400,16.250000,16.350000,16.250000,16.300100,124127
20120402100500,16.300100,16.330000,16.300100,16.310000,9700
20120402100600,16.310000,16.310000,16.250000,16.270000,8409
20120402100700,16.290000,16.290000,16.250000,16.260000,11442
20120402100800,16.260000,16.260000,16.250000,16.257000,4015
20120402100900,16.250000,16.260000,16.179900,16.179900,104339
20120402101000,16.160000,16.200000,16.130000,16.170000,60950
20120402101100,16.140000,16.189000,16.140000,16.165000,17742
20120402101200,16.170000,16.190000,16.140000,16.145000,16912
20120402101300,16.140000,16.140000,16.100000,16.100000,14795
20120402101400,16.100000,16.120000,16.100000,16.119800,33775
20120402101500,16.119000,16.150000,16.100000,16.133400,30876
20120402101600,16.135000,16.220000,16.130000,16.200100,35861
20120402101700,16.220000,16.220000,16.200000,16.210000,17176
20120402101800,16.211600,16.211600,16.200000,16.205000,19051
20120402101900,16.205000,16.220000,16.180000,16.210000,42510
20120402102000,16.205000,16.220000,16.200000,16.210000,22537
20120402102100,16.210000,16.250000,16.200000,16.250000,26655
20120402102200,16.250000,16.260000,16.210000,16.250000,11630
20120402102300,16.250000,16.250000,16.200000,16.229900,188572
20120402102400,16.222500,16.222500,16.200000,16.210000,9957
20120402102500,16.209000,16.210000,16.200000,16.210000,7150
20120402102600,16.210000,16.225000,16.205000,16.210000,7957
20120402102700,16.210000,16.210000,16.200000,16.210000,13834
20120402102800,16.210000,16.210000,16.200000,16.205000,69750
20120402102900,16.205000,16.210000,16.201000,16.205000,30230
20120402103000,16.205000,16.210000,16.200000,16.209900,18800
20120402103100,16.205000,16.210000,16.200000,16.210000,11590
20120402103200,16.210000,16.240000,16.205000,16.230000,38407
20120402103300,16.230000,16.240000,16.225000,16.230000,9150
20120402103400,16.237100,16.260000,16.210000,16.220000,163264
20120402103500,16.230000,16.240000,16.210000,16.215000,19150
20120402103600,16.240000,16.240000,16.150000,16.200000,80027
20120402103700,16.220000,16.220000,16.160000,16.190000,6550
20120402103800,16.190000,16.190000,16.110000,16.145100,20637
20120402103900,16.190000,16.200000,16.134500,16.150000,26750
20120402104000,16.190000,16.200000,16.140000,16.195000,10420
20120402104100,16.200000,16.200000,16.190000,16.195000,28279
20120402104200,16.195000,16.200000,16.160000,16.160000,14608
20120402104300,16.170000,16.170000,16.110000,16.127500,32223
20120402104400,16.120100,16.159900,16.120000,16.135000,8406
20120402104500,16.130000,16.150000,16.120000,16.130000,3200
20120402104600,16.129000,16.130000,16.110000,16.110000,2747
20120402104700,16.110000,16.120000,16.110000,16.115000,3362
20120402104800,16.120000,16.150000,16.110000,16.129900,21104
20120402104900,16.125000,16.150000,16.125000,16.150000,1200
20120402105000,16.170000,16.170000,16.130000,16.130100,4700
20120402105100,16.150000,16.152500,16.140000,16.150000,4400
20120402105200,16.152900,16.165000,16.152900,16.165000,1120
20120402105300,16.160300,16.200000,16.160000,16.198900,3257
20120402105400,16.210000,16.210000,16.200000,16.200000,6210
20120402105500,16.200000,16.200000,16.180000,16.199900,4389
20120402105600,16.200000,16.200000,16.170000,16.200000,5700
20120402105700,16.199000,16.210000,16.180000,16.204500,5470
20120402105800,16.205000,16.210000,16.200000,16.205000,4711
20120402105900,16.205000,16.250000,16.205000,16.240000,36949
20120402110000,16.229900,16.250000,16.229900,16.250000,2700
20120402110100,16.249900,16.250000,16.230000,16.230000,5900
20120402110200,16.240000,16.260000,16.230000,16.230000,7425
20120402110300,16.260000,16.270000,16.250000,16.250000,1800
20120402110400,16.259600,16.260000,16.230000,16.240000,4400
20120402110500,16.240000,16.250000,16.240000,16.240000,5423
20120402110600,16.240100,16.250000,16.210000,16.210000,8530
20120402110700,16.200000,16.240000,16.180000,16.195000,28291
20120402110800,16.190000,16.200000,16.180000,16.190000,9250
20120402110900,16.200000,16.200000,16.192400,16.200000,2200
20120402111000,16.200000,16.200000,16.190000,16.200000,18360
20120402111100,16.197800,16.230000,16.190000,16.215000,15815
20120402111200,16.220000,16.250000,16.210000,16.210000,36300
20120402111300,16.229900,16.240000,16.229900,16.230000,1100
20120402111400,16.240000,16.240000,16.230000,16.235000,3150
20120402111500,16.235000,16.239300,16.230000,16.239300,1350
20120402111600,16.234300,16.234300,16.220000,16.229000,4919
20120402111700,16.230000,16.230000,16.210000,16.210000,2376
20120402111800,16.209900,16.210000,16.204000,16.210000,976
20120402111900,16.209300,16.220000,16.200000,16.220000,18853
20120402112000,16.210000,16.228200,16.210000,16.220000,4000
20120402112100,16.217500,16.230000,16.217500,16.230000,3200
20120402112200,16.220000,16.250000,16.220000,16.230200,19000
20120402112300,16.230000,16.250000,16.220600,16.220600,3750
20120402112400,16.250000,16.250000,16.230000,16.240000,7700
20120402112500,16.230100,16.250000,16.230000,16.250000,4400
20120402112600,16.240000,16.250000,16.230000,16.240000,5704
20120402112700,16.230000,16.250000,16.230000,16.250000,14792
20120402112800,16.250000,16.250000,16.230000,16.240000,3550
20120402112900,16.250000,16.250000,16.210000,16.250000,25265
20120402113000,16.250000,16.260000,16.240000,16.250000,1860
20120402113100,16.240000,16.250000,16.237500,16.237500,3874
20120402113200,16.230000,16.230000,16.227500,16.227500,700
20120402113300,16.220000,16.240000,16.220000,16.240000,1600
20120402113400,16.240000,16.240000,16.239900,16.239900,1000
20120402113500,16.240000,16.240000,16.232500,16.232500,3404
20120402113600,16.230000,16.250000,16.230000,16.230000,5182
20120402113700,16.250000,16.250000,16.230000,16.240000,1150
20120402113800,16.230000,16.240000,16.230000,16.240000,2134
20120402113900,16.240000,16.250000,16.230000,16.250000,3675
20120402114000,16.250000,16.250000,16.242500,16.250000,1038
20120402114100,16.245000,16.260000,16.230000,16.230000,25187
20120402114200,16.230000,16.230000,16.200000,16.200000,6869
20120402114300,16.200000,16.223600,16.200000,16.223600,7840
20120402114400,16.220000,16.250000,16.220000,16.239900,8558
20120402114500,16.239900,16.239900,16.239900,16.239900,500
20120402114600,16.240000,16.250000,16.235000,16.250000,4800
20120402114700,16.249000,16.260000,16.249000,16.251700,13956
20120402114800,16.255000,16.260000,16.250000,16.250200,6020
20120402114900,16.255000,16.260000,16.250000,16.250200,1400
20120402115000,16.250200,16.260000,16.250200,16.253000,2000
20120402115100,16.255000,16.260000,16.250200,16.255000,2800
20120402115200,16.255000,16.260000,16.240000,16.250000,13423
20120402115300,16.240000,16.250000,16.230000,16.237100,1450
20120402115400,16.231000,16.231000,16.200100,16.220000,5109
20120402115500,16.217500,16.240000,16.200000,16.240000,4913
20120402115600,16.211000,16.220000,16.211000,16.220000,2300
20120402115700,16.220000,16.240000,16.220000,16.235000,1744
20120402115800,16.240000,16.240000,16.230000,16.240000,2613
20120402115900,16.240000,16.250000,16.240000,16.250000,2000
20120402120000,16.250000,16.260000,16.240000,16.260000,3427
20120402120100,16.270000,16.270000,16.260000,16.265000,4166
20120402120200,16.260700,16.270000,16.220000,16.240000,7500
20120402120300,16.230700,16.255000,16.230000,16.255000,4700
20120402120400,16.255000,16.270000,16.255000,16.270000,9434
20120402120500,16.267100,16.267100,16.260000,16.265000,3450
20120402120600,16.265000,16.269900,16.260000,16.265000,2200
20120402120700,16.265000,16.270000,16.240000,16.240000,6203
20120402120800,16.248000,16.250000,16.240000,16.250000,2725
20120402120900,16.249800,16.250000,16.240000,16.250000,3400
20120402121000,16.246600,16.258000,16.240000,16.250000,6047
20120402121100,16.245000,16.260000,16.240000,16.259000,13350
20120402121200,16.260000,16.400000,16.260000,16.330000,50437
20120402121300,16.300000,16.340000,16.280000,16.300000,28579
20120402121400,16.290000,16.300000,16.200000,16.230000,19732
20120402121500,16.237800,16.250000,16.200000,16.250000,8407
20120402121600,16.229200,16.230000,16.210100,16.227500,900
20120402121700,16.250000,16.250000,16.210000,16.210100,4350
20120402121800,16.230000,16.240000,16.220000,16.220000,900
20120402121900,16.229900,16.229900,16.200000,16.200000,12850
20120402122000,16.210000,16.210000,16.190000,16.200000,11620
20120402122100,16.200000,16.220000,16.190000,16.220000,31287
20120402122200,16.220000,16.270000,16.210000,16.250000,61762
20120402122300,16.242000,16.260000,16.240000,16.252600,3750
20120402122400,16.250000,16.270000,16.230000,16.255000,5150
20120402122500,16.250100,16.260000,16.250000,16.260000,1039
20120402122600,16.250000,16.300000,16.250000,16.290000,5821
20120402122700,16.280000,16.330000,16.270000,16.320000,5034
20120402122800,16.320000,16.320000,16.290000,16.310000,6950
20120402122900,16.290000,16.310000,16.270000,16.310000,6500
20120402123000,16.310000,16.310000,16.250000,16.270000,6050
20120402123100,16.250000,16.299900,16.250000,16.299900,5480
20120402123200,16.280000,16.350000,16.280000,16.317100,8167
20120402123300,16.300000,16.320000,16.300000,16.309500,2444
20120402123400,16.310000,16.310000,16.300000,16.300000,1195
20120402123500,16.300000,16.300000,16.279900,16.279900,2560
20120402123600,16.280000,16.280000,16.270000,16.270000,900
20120402123700,16.250000,16.280000,16.235000,16.260000,6922
20120402123800,16.270000,16.300000,16.260000,16.280000,705
20120402123900,16.259000,16.260000,16.259000,16.260000,800
20120402124000,16.260000,16.260000,16.250000,16.252900,1596
20120402124100,16.250100,16.260000,16.250000,16.257200,1900
20120402124200,16.260000,16.260000,16.259000,16.259000,1000
20120402124300,16.255000,16.260000,16.250100,16.260000,5130
20120402124400,16.267100,16.267100,16.267100,16.267100,100
20120402124500,16.269000,16.270000,16.260000,16.260000,2235
20120402124600,16.255000,16.280000,16.230000,16.270000,27618
20120402124700,16.265000,16.280000,16.260000,16.270000,17063
20120402124800,16.275000,16.275000,16.265000,16.265000,3600
20120402124900,16.265000,16.270000,16.260000,16.270000,800
20120402125000,16.259900,16.259900,16.250000,16.250000,300
20120402125100,16.260000,16.260000,16.250100,16.250100,2442
20120402125200,16.259300,16.270000,16.259300,16.270000,6208
20120402125300,16.270000,16.280000,16.262900,16.279900,9481
20120402125400,16.277600,16.280000,16.276800,16.278500,3052
20120402125500,16.277000,16.277000,16.277000,16.277000,200
20120402125600,16.280000,16.280000,16.270000,16.278500,1590
20120402125700,16.280000,16.280000,16.270000,16.280000,7734
20120402125800,16.275000,16.280000,16.270000,16.280000,8930
20120402125900,16.275000,16.280000,16.275000,16.280000,3475
20120402130000,16.270000,16.280000,16.240000,16.260000,9405
20120402130100,16.259300,16.259300,16.230000,16.240000,3066
20120402130200,16.240000,16.250000,16.230000,16.245000,2620
20120402130300,16.250000,16.280000,16.245000,16.280000,6294
20120402130400,16.270000,16.270000,16.240000,16.250000,7300
20120402130500,16.260000,16.260000,16.240000,16.259900,3986
20120402130600,16.256600,16.256600,16.256600,16.256600,200
20120402130700,16.257500,16.280000,16.255000,16.280000,7394
20120402130800,16.280000,16.280000,16.275000,16.275000,3100
20120402130900,16.279000,16.280000,16.260000,16.260000,1881
20120402131000,16.252900,16.260000,16.252900,16.260000,1700
20120402131100,16.260100,16.269900,16.260100,16.269900,1200
20120402131200,16.270000,16.270000,16.265000,16.265000,400
20120402131300,16.269200,16.270000,16.260000,16.260000,2985
20120402131400,16.265000,16.270000,16.260000,16.270000,1100
20120402131500,16.263000,16.267500,16.260000,16.260100,800
20120402131600,16.270000,16.270000,16.265000,16.270000,400
20120402131700,16.267100,16.267100,16.260000,16.262500,408
20120402131800,16.270000,16.270000,16.270000,16.270000,1350
20120402131900,16.269900,16.270000,16.265000,16.265000,1547
20120402132000,16.270000,16.270000,16.260000,16.270000,1200
20120402132100,16.270000,16.270000,16.260000,16.260000,3300
20120402132200,16.260000,16.269900,16.260000,16.269900,300
20120402132300,16.270000,16.270000,16.260000,16.270000,1570
20120402132400,16.270000,16.270000,16.270000,16.270000,200
20120402132500,16.270000,16.270000,16.260100,16.270000,600
20120402132600,16.270000,16.270000,16.260000,16.260000,21114
20120402132700,16.270000,16.280000,16.260100,16.279000,12292
20120402132800,16.280000,16.280000,16.273300,16.280000,2900
20120402132900,16.275000,16.280000,16.270700,16.280000,3200
20120402133000,16.280000,16.280000,16.270000,16.280000,3200
20120402133100,16.280000,16.280000,16.270000,16.280000,4769
20120402133200,16.280000,16.280000,16.270000,16.275000,18600
20120402133300,16.280000,16.280000,16.270000,16.270000,2350
20120402133400,16.277000,16.280000,16.270000,16.275000,4200
20120402133600,16.279600,16.280000,16.279000,16.279000,300
20120402133700,16.280000,16.280000,16.270000,16.280000,2480
20120402133800,16.276600,16.276600,16.270000,16.275000,3200
20120402133900,16.275000,16.280000,16.275000,16.280000,2701
20120402134000,16.270000,16.280000,16.244000,16.244000,9076
20120402134100,16.260000,16.275000,16.256000,16.256000,2950
20120402134200,16.280000,16.280000,16.260000,16.260000,1195
20120402134300,16.270100,16.270100,16.270100,16.270100,100
20120402134400,16.280000,16.280000,16.275000,16.280000,1000
20120402134500,16.280000,16.280000,16.275000,16.280000,400
20120402134600,16.280000,16.280000,16.270000,16.270000,3100
20120402134700,16.270000,16.279900,16.265000,16.265000,13092
20120402134800,16.270000,16.270000,16.265000,16.265000,2300
20120402134900,16.260000,16.261000,16.260000,16.261000,4300
20120402135000,16.261000,16.270000,16.260000,16.265000,3100
20120402135100,16.270000,16.270000,16.260000,16.270000,5325
20120402135200,16.270000,16.270000,16.260000,16.265000,1850
20120402135300,16.265000,16.270000,16.260000,16.260000,9000
20120402135400,16.260000,16.260000,16.240000,16.250000,11406
20120402135500,16.250000,16.250000,16.120000,16.120700,169332
20120402135600,16.127500,16.190000,16.115000,16.170000,23873
20120402135700,16.160000,16.160000,16.150000,16.160000,8700
20120402135800,16.160000,16.160000,16.050000,16.050000,59800
20120402135900,16.060000,16.080000,16.030000,16.070000,24403
20120402140000,16.040100,16.050000,16.010000,16.020000,31878
20120402140100,16.030000,16.030000,15.860000,15.960000,135623
20120402140200,15.940000,15.947100,15.860000,15.920000,20950
20120402140300,15.930000,15.979900,15.890000,15.910000,15280
20120402140400,15.925000,15.980000,15.900000,15.969900,27961
20120402140500,15.969900,16.000000,15.969900,16.000000,15200
20120402140600,15.970000,15.990000,15.920000,15.950000,8858
20120402140700,15.970000,16.000000,15.950000,15.960000,26122
20120402140800,15.970000,15.990000,15.960000,15.960000,4907
20120402140900,15.970000,16.020000,15.960000,16.020000,8619
20120402141000,16.000000,16.000000,15.980000,16.000000,3033
20120402141100,16.019200,16.019900,16.000100,16.010000,2660
20120402141200,16.010000,16.020000,15.990000,15.990000,5100
20120402141300,15.991500,15.994200,15.990000,15.990000,2426
20120402141400,15.990000,16.000000,15.970000,15.975000,10244
20120402141500,15.980000,15.980000,15.940000,15.960000,10006
20120402141600,15.950000,15.950000,15.910000,15.920000,120689
20120402141700,15.920000,15.940000,15.920000,15.940000,2000
20120402141800,15.939800,15.940000,15.910800,15.910800,2926
20120402141900,15.910000,15.940000,15.910000,15.940000,12160
20120402142000,15.930000,15.990000,15.930000,15.990000,13075
20120402142100,15.999900,15.999900,15.930000,15.930000,52811
20120402142200,15.990000,15.990000,15.920000,15.935000,4557
20120402142300,15.930000,15.939400,15.920000,15.930000,2535
20120402142400,15.920100,15.940000,15.920100,15.938000,3729
20120402142500,15.920000,15.925000,15.880000,15.880700,25888
20120402142600,15.885000,15.890000,15.821000,15.840000,52799
20120402142700,15.880000,15.880000,15.851700,15.860000,5400
20120402142800,15.870000,15.870000,15.770000,15.806000,29130
20120402142900,15.775000,15.787100,15.700000,15.780000,92372
20120402143000,15.750000,15.850000,15.700000,15.780000,316988
20120402143100,15.750000,15.800000,15.750000,15.765000,10719
20120402143200,15.780000,15.780000,15.760100,15.770000,6357
20120402143300,15.735000,15.860000,15.735000,15.860000,5102
20120402143400,15.830000,15.830000,15.750000,15.800000,11728
20120402143500,15.800000,15.800000,15.773000,15.800000,2180
20120402143600,15.799000,15.910000,15.720000,15.755800,42345
20120402143700,15.769900,15.770000,15.700000,15.709000,33775
20120402143800,15.705000,15.710000,15.690000,15.705000,20900
20120402143900,15.700000,15.709900,15.600000,15.700000,45412
20120402144000,15.704300,15.710000,15.670000,15.705000,13384
20120402144100,15.701000,15.800100,15.700000,15.790000,577570
20120402144200,15.760000,15.760100,15.710000,15.725000,7190
20120402144300,15.720100,15.729900,15.720100,15.720200,3100
20120402144400,15.725000,15.730000,15.710000,15.720000,21561
20120402144500,15.715000,15.780000,15.715000,15.780000,12888
20120402144600,15.780000,15.830000,15.760000,15.780000,19520
20120402144700,15.780100,15.800000,15.750000,15.800000,12895
20120402144800,15.730000,15.820000,15.730000,15.800000,1530
20120402144900,15.780000,15.800000,15.770000,15.800000,6100
20120402145000,15.820000,15.820000,15.730000,15.730000,9999
20120402145100,15.720000,15.730000,15.650000,15.660000,27052
20120402145200,15.700000,15.730000,15.670000,15.730000,8373
20120402145300,15.730000,15.800100,15.680100,15.800100,23982
20120402145400,15.810000,15.810000,15.720000,15.800000,9300
20120402145500,15.720100,15.735000,15.685000,15.700000,9360
20120402145600,15.700000,15.700000,15.670000,15.670000,16021
20120402145700,15.692500,15.700000,15.670000,15.690100,5894
20120402145800,15.700000,15.700000,15.650000,15.650000,12958
20120402145900,15.660000,15.690000,15.650000,15.670000,4700
20120402150000,15.670000,15.680000,15.664000,15.679000,2650
20120402150100,15.680000,15.710000,15.680000,15.710000,11690
20120402150200,15.720000,15.810000,15.717500,15.770100,16400
20120402150300,15.770000,15.770000,15.680000,15.680000,11500
20120402150400,15.739900,15.739900,15.680000,15.699900,6130
20120402150500,15.692900,15.700000,15.692900,15.695800,2493
20120402150600,15.694500,15.719900,15.680000,15.680000,17401
20120402150700,15.700000,15.700000,15.690000,15.695000,3800
20120402150800,15.700000,15.710000,15.690100,15.705000,13365
20120402150900,15.700000,15.710000,15.700000,15.700000,4500
20120402151000,15.710000,15.710000,15.700000,15.705000,8250
20120402151100,15.705000,15.705000,15.690000,15.700000,18316
20120402151200,15.700000,15.700000,15.700000,15.700000,100
20120402151300,15.702500,15.710000,15.700000,15.705000,3400
20120402151400,15.705000,15.710000,15.700000,15.710000,4553
20120402151500,15.701000,15.800000,15.700000,15.800000,20901
20120402151600,15.780000,15.790000,15.730000,15.740000,5000
20120402151700,15.740000,15.740200,15.710000,15.720000,29040
20120402151800,15.720000,15.727100,15.710000,15.710000,1556
20120402151900,15.710100,15.730000,15.710100,15.728500,4544
20120402152000,15.720000,15.730000,15.717000,15.728000,7409
20120402152100,15.710000,15.730000,15.690000,15.690000,14562
20120402152200,15.700000,15.700000,15.690000,15.690000,3975
20120402152300,15.700000,15.700000,15.690000,15.690000,1350
20120402152400,15.700000,15.700000,15.690000,15.690000,800
20120402152500,15.690000,15.700000,15.690000,15.695000,2906
20120402152600,15.700000,15.700000,15.650000,15.650000,77447
20120402152700,15.650000,15.660000,15.600000,15.610000,10390
20120402152800,15.610100,15.620000,15.600000,15.600000,60355
20120402152900,15.610000,15.610000,15.600000,15.605000,6300
20120402153000,15.600000,15.600000,15.550000,15.565000,35539
20120402153100,15.570000,15.590000,15.560000,15.560000,12451
20120402153200,15.580000,15.580000,15.560000,15.560000,22449
20120402153300,15.560000,15.570000,15.560000,15.560000,17400
20120402153400,15.570000,15.570000,15.530600,15.539900,21020
20120402153500,15.537000,15.537200,15.470000,15.490000,34997
20120402153600,15.460100,15.463000,15.390000,15.390000,41815
20120402153700,15.390000,15.400000,15.300000,15.319900,45860
20120402153800,15.320000,15.320000,15.300000,15.300000,21775
20120402153900,15.320000,15.320000,15.260000,15.279800,35810
20120402154000,15.280000,15.295000,15.270000,15.295000,11425
20120402154100,15.300000,15.400000,15.295000,15.370000,34759
20120402154200,15.370000,15.370000,15.360000,15.369900,36338
20120402154300,15.360000,15.370000,15.350400,15.360000,5015
20120402154400,15.355000,15.360000,15.350000,15.355000,3620
20120402154500,15.357500,15.360000,15.310000,15.320000,11360
20120402154600,15.315000,15.315000,15.290000,15.295000,9051
20120402154700,15.300000,15.300000,15.250000,15.255000,47376
20120402154800,15.260000,15.260000,15.250000,15.255000,17310
20120402154900,15.260000,15.370000,15.250000,15.370000,39264
20120402155000,15.350000,15.440000,15.350000,15.439200,74442
20120402155100,15.400000,15.440000,15.400000,15.400000,35580
20120402155200,15.400000,15.440000,15.380000,15.400000,29600
20120402155300,15.440000,15.440000,15.400000,15.420000,32367
20120402155400,15.419000,15.430000,15.360000,15.395000,30311
20120402155500,15.420000,15.420000,15.320000,15.320000,33115
20120402155600,15.370000,15.380000,15.320000,15.320000,18313
20120402155700,15.325000,15.330000,15.320000,15.329000,24546
20120402155800,15.330000,15.330000,15.270000,15.275000,44973
20120402155900,15.272500,15.325000,15.270000,15.325000,94109
20120402160000,15.270000,15.280000,15.250000,15.250000,7175
20120402160100,15.250000,15.250000,15.250000,15.250000,900
20120402160300,15.330000,15.330000,15.330000,15.330000,520
20120402160700,15.330000,15.330000,15.330000,15.330000,200
20120402161200,15.370000,15.370000,15.370000,15.370000,300
20120402161300,15.370000,15.370000,15.370000,15.370000,400
20120402161500,15.380000,15.380000,15.380000,15.380000,200
20120402161600,15.370000,15.370000,15.370000,15.370000,3190
20120402162100,15.340000,15.340000,15.340000,15.340000,300
20120402162900,15.380000,15.390000,15.380000,15.390000,1000
20120402163600,15.380000,15.390000,15.380000,15.390000,1110
20120402163700,15.410000,15.410000,15.410000,15.410000,400
20120402163800,15.450000,15.450000,15.450000,15.450000,490
20120402164000,15.450000,15.450000,15.450000,15.450000,1000
20120402164100,15.470000,15.470000,15.470000,15.470000,1500
20120402164500,15.460000,15.460000,15.460000,15.460000,950
20120402164800,15.470000,15.490000,15.470000,15.490000,900
20120402165000,15.480000,15.480000,15.480000,15.480000,425
20120402165300,15.480000,15.480000,15.480000,15.480000,500
20120402165800,15.490000,15.490000,15.490000,15.490000,100
20120402170200,15.450000,15.450000,15.450000,15.450000,150
20120402171400,15.490000,15.500000,15.490000,15.500000,1005
20120402172200,15.490000,15.490000,15.490000,15.490000,100
20120402172300,15.490000,15.490000,15.490000,15.490000,300
20120402172400,15.490000,15.500000,15.490000,15.500000,1185
20120402173600,15.500000,15.500000,15.500000,15.500000,300
20120402174200,15.500000,15.500000,15.500000,15.500000,450
20120402174300,15.500000,15.500000,15.500000,15.500000,1000
20120402175200,15.500000,15.500000,15.500000,15.500000,200
20120402180800,15.520000,15.520000,15.520000,15.520000,1065
20120402183800,15.450000,15.500000,15.450000,15.500000,300
20120402191600,15.500000,15.500000,15.500000,15.500000,193
20120402195700,15.350000,15.350000,15.350000,15.350000,800
20120403080000,15.330000,15.330000,15.330000,15.330000,200
20120403080100,15.280000,15.280000,15.200000,15.200000,600
20120403080700,15.210000,15.210000,15.210000,15.210000,400
20120403081000,15.270000,15.270000,15.270000,15.270000,1597
20120403081400,15.500000,15.500000,15.500000,15.500000,200
20120403081500,15.500000,15.510000,15.500000,15.510000,2496
20120403081900,15.500000,15.500000,15.500000,15.500000,500
20120403082000,15.500000,15.500000,15.500000,15.500000,100
20120403082200,15.500000,15.500000,15.500000,15.500000,1000
20120403082600,15.400000,15.400000,15.400000,15.400000,675
20120403083000,15.400000,15.400000,15.400000,15.400000,900
20120403083100,15.490000,15.490000,15.490000,15.490000,100
20120403083200,15.400000,15.400000,15.400000,15.400000,900
20120403084900,15.410000,15.410000,15.410000,15.410000,300
20120403085300,15.410000,15.410000,15.410000,15.410000,750
20120403085700,15.420000,15.420000,15.420000,15.420000,1712
20120403090000,15.430000,15.430000,15.430000,15.430000,3500
20120403090100,15.410000,15.410000,15.410000,15.410000,400
20120403090600,15.410000,15.410000,15.410000,15.410000,630
20120403090700,15.410000,15.410000,15.410000,15.410000,100
20120403090800,15.420000,15.430000,15.390000,15.400000,7170
20120403092300,15.300000,15.300000,15.300000,15.300000,100
20120403092600,15.300000,15.300000,15.300000,15.300000,200
20120403093000,15.280000,15.300000,15.150000,15.150000,77225
20120403093100,15.130000,15.130000,14.960000,14.965000,65134
20120403093200,14.960000,15.276000,14.900000,15.035000,73023
20120403093300,15.099000,15.180000,15.040100,15.130000,24552
20120403093400,15.150000,15.230100,15.100000,15.230100,10053
20120403093500,15.300000,15.330000,15.220000,15.225000,20953
20120403093600,15.201000,15.217500,15.160000,15.217500,9579
20120403093700,15.220000,15.220000,15.200000,15.200000,7165
20120403093800,15.210000,15.210000,15.000000,15.160000,31855
20120403093900,15.170000,15.330000,15.170000,15.315000,61686
20120403094000,15.330000,15.480000,15.330000,15.397500,26568
20120403094100,15.397500,15.440000,15.350000,15.350000,13100
20120403094200,15.330000,15.335000,15.230000,15.240000,23615
20120403094300,15.230000,15.260000,15.210000,15.210000,7447
20120403094400,15.210000,15.210000,15.100000,15.100000,7115
20120403094500,15.110000,15.190000,15.100000,15.160000,18230
20120403094600,15.180000,15.260000,15.180000,15.259000,3845
20120403094700,15.250000,15.296000,15.190100,15.296000,13155
20120403094800,15.300000,15.380000,15.270000,15.270000,16600
20120403094900,15.311700,15.316800,15.290000,15.300000,3575
20120403095000,15.310000,15.310000,15.300000,15.300000,3949
20120403095100,15.309000,15.309000,15.290000,15.290000,2100
20120403095200,15.280000,15.280100,15.250000,15.250000,8330
20120403095300,15.210000,15.230000,15.205000,15.230000,9520
20120403095400,15.220000,15.230000,15.200000,15.200000,6230
20120403095500,15.193700,15.193700,15.150000,15.175000,9510
20120403095600,15.170000,15.209500,15.170000,15.200000,4200
20120403095700,15.205000,15.210000,15.160000,15.160100,14300
20120403095800,15.170000,15.177100,15.170000,15.170000,1235
20120403095900,15.170000,15.180000,15.160000,15.162900,6100
20120403100000,15.170000,15.180000,15.170000,15.175000,4000
20120403100100,15.180000,15.210000,15.180000,15.201000,32300
20120403100200,15.200100,15.250000,15.200000,15.200000,105466
20120403100300,15.239900,15.239900,15.200000,15.200000,2832
20120403100400,15.207500,15.210000,15.180000,15.180000,17500
20120403100500,15.180000,15.209400,15.180000,15.180000,17511
20120403100600,15.180000,15.200000,15.170000,15.190000,38200
20120403100700,15.190000,15.200000,15.190000,15.200000,37410
20120403100800,15.200000,15.240000,15.200000,15.235000,8410
20120403100900,15.240000,15.250000,15.200000,15.210000,14800
20120403101000,15.210000,15.210000,15.200000,15.200000,3700
20120403101100,15.207100,15.210000,15.200000,15.210000,2719
20120403101200,15.200100,15.210000,15.200000,15.210000,3500
20120403101300,15.210000,15.210000,15.200000,15.210000,1250
20120403101400,15.209900,15.210000,15.200000,15.202500,1593
20120403101500,15.210000,15.300000,15.207100,15.300000,30033
20120403101600,15.290000,15.320000,15.290000,15.300000,16791
20120403101700,15.290000,15.350000,15.290000,15.350000,16331
20120403101800,15.310000,15.340000,15.300000,15.300000,6900
20120403101900,15.300000,15.300000,15.245000,15.250000,3561
20120403102000,15.245000,15.250000,15.211000,15.215000,5032
20120403102100,15.220000,15.290000,15.220000,15.240000,10775
20120403102200,15.240000,15.290000,15.230000,15.290000,4700
20120403102300,15.280100,15.300000,15.280100,15.300000,950
20120403102400,15.300000,15.430000,15.300000,15.430000,16913
20120403102500,15.424000,15.429900,15.370000,15.429900,2520
20120403102600,15.370100,15.420000,15.370100,15.412500,3765
20120403102700,15.420000,15.420000,15.380000,15.390000,8125
20120403102800,15.380000,15.400000,15.375000,15.390000,3100
20120403102900,15.400000,15.400000,15.390000,15.400000,39058
20120403103000,15.395000,15.400000,15.390000,15.395000,6880
20120403103100,15.395000,15.400000,15.395000,15.400000,4850
20120403103200,15.395000,15.400000,15.390100,15.395000,3050
20120403103300,15.395000,15.400000,15.390100,15.400000,11157
20120403103400,15.390000,15.400000,15.350000,15.380000,9200
20120403103500,15.370000,15.380000,15.323000,15.323000,9550
20120403103600,15.320000,15.330000,15.300000,15.305000,3600
20120403103700,15.305000,15.305000,15.250000,15.270000,7450
20120403103800,15.269900,15.280000,15.190000,15.260000,15000
20120403103900,15.260000,15.290000,15.260000,15.260100,3900
20120403104000,15.270000,15.270000,15.215000,15.240000,6673
20120403104100,15.230000,15.240000,15.230000,15.230000,2800
20120403104200,15.230000,15.230000,15.210000,15.210000,2555
20120403104300,15.218000,15.230000,15.218000,15.225000,19500
20120403104400,15.230000,15.230000,15.220000,15.225000,5020
20120403104500,15.225000,15.350000,15.220000,15.295000,23404
20120403104600,15.300000,15.300000,15.240000,15.255000,11762
20120403104700,15.260000,15.260000,15.240000,15.259900,13174
20120403104800,15.259900,15.260000,15.255000,15.259000,6100
20120403104900,15.250000,15.260000,15.250000,15.255000,5455
20120403105000,15.255000,15.340000,15.255000,15.290000,9224
20120403105100,15.315000,15.320000,15.315000,15.320000,200
20120403105200,15.320000,15.370000,15.280000,15.347000,14772
20120403105300,15.320000,15.340000,15.310000,15.337000,1600
20120403105400,15.325000,15.470000,15.325000,15.380000,11265
20120403105500,15.430000,15.430000,15.430000,15.430000,100
20120403105600,15.380000,15.380000,15.350400,15.362200,4300
20120403105700,15.370000,15.390800,15.360000,15.390800,3625
20120403110000,15.415000,15.415000,15.370600,15.370600,5665
20120403110100,15.370000,15.375000,15.360000,15.360000,1600
20120403110200,15.350000,15.350000,15.330000,15.330000,400
20120403110300,15.340000,15.340000,15.330000,15.339000,2439
20120403110400,15.330000,15.340000,15.330000,15.335000,6441
20120403110500,15.335000,15.340000,15.310000,15.329800,5962
20120403110600,15.310100,15.330000,15.310000,15.320000,6800
20120403110700,15.320000,15.320000,15.280000,15.280000,11305
20120403110800,15.280000,15.280000,15.220000,15.240000,29163
20120403110900,15.230000,15.290000,15.230000,15.290000,8952
20120403111000,15.288300,15.290000,15.250000,15.260000,4700
20120403111100,15.270000,15.270000,15.265000,15.270000,2003
20120403111200,15.260000,15.265000,15.190000,15.190000,21402
20120403111300,15.195000,15.250000,15.190000,15.248100,4913
20120403111400,15.250000,15.250000,15.230000,15.230100,1700
20120403111500,15.230100,15.240000,15.190000,15.190000,8700
20120403111600,15.190000,15.230000,15.175000,15.220000,16067
20120403111700,15.210100,15.230000,15.210000,15.210000,3428
20120403111800,15.200000,15.200000,15.170000,15.170000,1510
20120403111900,15.189600,15.200000,15.189600,15.200000,12163
20120403112000,15.200000,15.200000,15.180000,15.200000,27649
20120403112100,15.190000,15.190000,15.190000,15.190000,100
20120403112200,15.190000,15.200000,15.185000,15.191000,10240
20120403112300,15.190100,15.290000,15.190100,15.250000,6310
20120403112400,15.240000,15.370000,15.220000,15.370000,14377
20120403112500,15.370000,15.380000,15.300000,15.320000,10500
20120403112600,15.330000,15.340000,15.320000,15.340000,4550
20120403112700,15.340000,15.340000,15.330000,15.340000,3461
20120403112800,15.330100,15.330100,15.280000,15.280000,4100
20120403112900,15.275000,15.300000,15.275000,15.300000,900
20120403113000,15.310000,15.320000,15.300000,15.300000,3859
20120403113100,15.290100,15.300000,15.280000,15.290000,3844
20120403113200,15.280000,15.282000,15.280000,15.282000,1156
20120403113300,15.287500,15.390000,15.287500,15.290000,18189
20120403113400,15.340000,15.340000,15.335500,15.340000,4030
20120403113500,15.340000,15.390000,15.340000,15.390000,3539
20120403113600,15.398000,15.400000,15.360000,15.380000,18111
20120403113700,15.380000,15.380000,15.370000,15.380000,43942
20120403113800,15.375000,15.380000,15.370000,15.370000,6791
20120403113900,15.360000,15.370000,15.360000,15.363000,1320
20120403114000,15.360000,15.370000,15.360000,15.370000,3017
20120403114100,15.370000,15.370000,15.360000,15.365000,5275
20120403114200,15.367500,15.370000,15.360000,15.370000,1700
20120403114300,15.360000,15.360000,15.345000,15.347500,6365
20120403114400,15.350000,15.350000,15.340000,15.350000,3581
20120403114600,15.340000,15.340000,15.320000,15.330000,3400
20120403114700,15.320000,15.320000,15.315000,15.320000,900
20120403114800,15.320000,15.400000,15.320000,15.349900,24474
20120403114900,15.350000,15.350000,15.340000,15.350000,2219
20120403115000,15.350000,15.350000,15.330000,15.340000,2300
20120403115100,15.339900,15.340000,15.330000,15.339900,2600
20120403115200,15.340000,15.340000,15.335000,15.335000,400
20120403115300,15.340000,15.350000,15.335000,15.340000,11961
20120403115400,15.350000,15.350000,15.340000,15.350000,1100
20120403115500,15.340000,15.340000,15.340000,15.340000,300
20120403115600,15.345000,15.350000,15.340000,15.350000,5500
20120403115700,15.347100,15.350000,15.340000,15.340000,2099
20120403115900,15.340000,15.340000,15.330000,15.335000,4300
20120403120000,15.333000,15.340000,15.333000,15.340000,612
20120403120100,15.335000,15.340000,15.330000,15.330000,1500
20120403120200,15.333000,15.333000,15.330000,15.330000,2011
20120403120300,15.330700,15.340000,15.310000,15.320000,9371
20120403120400,15.300000,15.310000,15.300000,15.310000,1100
20120403120500,15.310000,15.315000,15.310000,15.315000,300
20120403120600,15.300000,15.310000,15.200000,15.200100,9930
20120403120700,15.220000,15.240000,15.200000,15.200000,8437
20120403120800,15.210000,15.211000,15.210000,15.210000,400
20120403120900,15.220000,15.240000,15.210000,15.236600,7200
20120403121000,15.230000,15.231000,15.230000,15.230000,2000
20120403121100,15.239900,15.239900,15.220000,15.230000,2400
20120403121200,15.229900,15.230000,15.200000,15.200000,4050
20120403121300,15.220000,15.220000,15.200000,15.200100,4300
20120403121400,15.205000,15.210000,15.200000,15.200100,980
20120403121500,15.205000,15.250000,15.200000,15.250000,9000
20120403121600,15.250000,15.290000,15.250000,15.270000,34296
20120403121700,15.260000,15.390000,15.260000,15.300000,12545
20120403121800,15.306000,15.306000,15.270000,15.270000,2550
20120403121900,15.300000,15.310000,15.300000,15.300000,1525
20120403122000,15.300000,15.300000,15.270000,15.270000,3817
20120403122100,15.270000,15.270000,15.270000,15.270000,300
20120403122200,15.270000,15.275000,15.220000,15.220000,9600
20120403122300,15.210000,15.220000,15.170000,15.175000,33830
20120403122400,15.175000,15.190000,15.170000,15.190000,8500
20120403122500,15.199900,15.235000,15.199900,15.230000,2200
20120403122600,15.220000,15.250000,15.220000,15.250000,7650
20120403122700,15.250000,15.250000,15.245000,15.245000,528
20120403122800,15.245000,15.250000,15.245000,15.245000,1400
20120403122900,15.250000,15.270000,15.220000,15.269900,20500
20120403123000,15.270000,15.270000,15.220000,15.260000,5100
20120403123100,15.258800,15.260000,15.250000,15.250000,2000
20120403123200,15.250000,15.260000,15.250000,15.255000,400
20120403123300,15.250000,15.370000,15.230000,15.270000,15982
20120403123400,15.275000,15.275000,15.270000,15.270000,2300
20120403123500,15.270000,15.280000,15.270000,15.270000,1424
20120403123600,15.275000,15.280000,15.270000,15.270000,1100
20120403123700,15.270000,15.270000,15.260000,15.260000,1100
20120403123800,15.265000,15.270000,15.265000,15.270000,800
20120403123900,15.265000,15.270000,15.260000,15.269300,2300
20120403124000,15.260000,15.260000,15.260000,15.260000,100
20120403124100,15.265000,15.270000,15.250000,15.255000,3855
20120403124200,15.259900,15.259900,15.240100,15.240100,1800
20120403124300,15.240000,15.250000,15.235000,15.235000,3899
20120403124400,15.230000,15.240000,15.230000,15.239800,1600
20120403124500,15.235600,15.235600,15.235600,15.235600,100
20120403124600,15.230000,15.270000,15.230000,15.250000,5210
20120403124700,15.250200,15.260000,15.250000,15.250000,14000
20120403124800,15.250000,15.260000,15.250000,15.255000,800
20120403124900,15.260000,15.260000,15.255000,15.260000,800
20120403125000,15.255000,15.260000,15.250000,15.255000,19500
20120403125100,15.250000,15.260000,15.250000,15.260000,6200
20120403125200,15.260000,15.260000,15.250000,15.250000,1450
20120403125300,15.250000,15.250000,15.250000,15.250000,100
20120403125400,15.250000,15.260000,15.250000,15.260000,1550
20120403125500,15.255000,15.255000,15.250000,15.255000,5000
20120403125600,15.250000,15.260000,15.250000,15.250000,3170
20120403125700,15.250000,15.260000,15.250000,15.250000,2200
20120403125800,15.251000,15.251000,15.250000,15.250000,280
20120403125900,15.250000,15.250000,15.240000,15.242900,1900
20120403130000,15.245000,15.245000,15.240000,15.240000,400
20120403130100,15.241000,15.245000,15.240000,15.245000,1504
20120403130200,15.250000,15.250000,15.240000,15.240000,200
20120403130300,15.250000,15.250000,15.245000,15.245000,900
20120403130400,15.245000,15.246700,15.245000,15.246700,400
20120403130500,15.250000,15.250000,15.245000,15.250000,2450
20120403130600,15.249500,15.250000,15.240000,15.250000,2200
20120403130700,15.250000,15.250000,15.241300,15.250000,700
20120403130800,15.240300,15.250000,15.240300,15.245000,1350
20120403130900,15.250000,15.250000,15.250000,15.250000,500
20120403131000,15.245000,15.250000,15.240000,15.250000,5025
20120403131100,15.250000,15.250000,15.245000,15.250000,500
20120403131200,15.250000,15.250000,15.245000,15.250000,500
20120403131300,15.250000,15.250000,15.200000,15.200000,38325
20120403131400,15.200000,15.230000,15.200000,15.220000,9129
20120403131500,15.225000,15.240000,15.225000,15.235000,5700
20120403131600,15.240000,15.270000,15.240000,15.250000,5825
20120403131700,15.250000,15.255000,15.240000,15.249300,932
20120403131800,15.250000,15.250000,15.220000,15.220000,13040
20120403131900,15.210000,15.220000,15.197700,15.210000,28516
20120403132000,15.210000,15.210000,15.210000,15.210000,400
20120403132100,15.210000,15.240000,15.210000,15.240000,4162
20120403132300,15.240000,15.240000,15.200000,15.200000,14634
20120403132400,15.219900,15.219900,15.210000,15.210000,600
20120403132500,15.220000,15.220000,15.210000,15.210000,1900
20120403132600,15.215000,15.270000,15.215000,15.250000,6033
20120403132700,15.270000,15.270000,15.250000,15.258000,3215
20120403132800,15.245000,15.260000,15.240000,15.240000,1700
20120403132900,15.260000,15.260000,15.250000,15.250000,1980
20120403133000,15.250000,15.250200,15.200000,15.210000,10367
20120403133100,15.200000,15.220000,15.200000,15.220000,1600
20120403133200,15.239900,15.239900,15.235000,15.239900,300
20120403133300,15.233300,15.240000,15.230000,15.235000,1097
20120403133400,15.240000,15.250000,15.230700,15.250000,4758
20120403133500,15.250000,15.250000,15.245000,15.250000,712
20120403133600,15.245000,15.250000,15.245000,15.250000,500
20120403133700,15.240000,15.250000,15.210000,15.210000,7400
20120403133800,15.220000,15.225000,15.210000,15.210000,4557
20120403133900,15.210000,15.220000,15.210000,15.210000,2000
20120403134000,15.210000,15.210000,15.150000,15.190000,7724
20120403134100,15.190000,15.210000,15.180000,15.190000,3200
20120403134200,15.210000,15.240000,15.205000,15.240000,42900
20120403134300,15.220000,15.242900,15.220000,15.240000,5828
20120403134400,15.240000,15.241000,15.210000,15.210000,3500
20120403134500,15.215000,15.215000,15.210000,15.210000,200
20120403134600,15.210000,15.220000,15.200000,15.220000,10256
20120403134700,15.220000,15.220000,15.210000,15.211000,763
20120403134800,15.220000,15.230000,15.220000,15.220000,400
20120403134900,15.229800,15.229800,15.220000,15.220000,500
20120403135000,15.220000,15.230000,15.220000,15.230000,1598
20120403135100,15.240000,15.240000,15.230000,15.235000,2300
20120403135200,15.230000,15.240000,15.230000,15.240000,950
20120403135300,15.240000,15.240000,15.235000,15.240000,4071
20120403135400,15.240000,15.270000,15.235000,15.270000,16383
20120403135500,15.260000,15.270000,15.240000,15.240000,5966
20120403135600,15.250000,15.258000,15.241000,15.258000,3099
20120403135700,15.260000,15.260000,15.258000,15.258000,200
20120403135800,15.240000,15.250000,15.240000,15.245000,11700
20120403135900,15.240000,15.250000,15.240000,15.240000,3300
20120403140000,15.240700,15.240700,15.230000,15.230000,2200
20120403140100,15.230000,15.240000,15.230000,15.240000,2635
20120403140200,15.240000,15.240000,15.230000,15.230000,400
20120403140300,15.240000,15.240000,15.230000,15.230100,2398
20120403140400,15.240000,15.240000,15.235000,15.240000,1800
20120403140500,15.240000,15.240000,15.230000,15.230200,3500
20120403140600,15.240000,15.350000,15.230000,15.260000,21729
20120403140700,15.260000,15.270000,15.260000,15.260000,3200
20120403140800,15.260000,15.260000,15.260000,15.260000,300
20120403140900,15.260300,15.270000,15.230100,15.240000,5100
20120403141000,15.230000,15.237100,15.230000,15.230000,743
20120403141100,15.240000,15.240000,15.230000,15.230000,300
20120403141200,15.235000,15.240000,15.230000,15.230000,5707
20120403141300,15.235000,15.240000,15.230000,15.235000,1900
20120403141400,15.235000,15.240000,15.220000,15.220000,8173
20120403141500,15.229000,15.230000,15.225000,15.225000,1790
20120403141600,15.223000,15.223000,15.220000,15.220000,1870
20120403141700,15.230000,15.230000,15.220000,15.220000,500
20120403141800,15.210000,15.219800,15.210000,15.210000,700
20120403141900,15.210000,15.210000,15.210000,15.210000,200
20120403142000,15.210000,15.210000,15.210000,15.210000,400
20120403142100,15.210100,15.220000,15.210000,15.210100,2295
20120403142200,15.219000,15.260000,15.210000,15.248000,10650
20120403142300,15.257000,15.260000,15.210000,15.215000,13300
20120403142400,15.230000,15.239900,15.220000,15.235000,1729
20120403142500,15.230000,15.240000,15.230000,15.235000,1800
20120403142600,15.240000,15.250000,15.220000,15.225000,3334
20120403142700,15.239000,15.240000,15.239000,15.240000,300
20120403142800,15.239900,15.245000,15.239900,15.245000,1100
20120403142900,15.250000,15.250000,15.240000,15.247100,500
20120403143000,15.250000,15.250000,15.245000,15.245000,700
20120403143100,15.240000,15.250000,15.240000,15.240000,1400
20120403143200,15.240100,15.250000,15.240000,15.240000,2900
20120403143300,15.240000,15.250000,15.240000,15.240000,4000
20120403143400,15.250000,15.260000,15.250000,15.250000,2372
20120403143500,15.260000,15.268000,15.250000,15.260000,1000
20120403143600,15.260000,15.260000,15.230000,15.230000,4620
20120403143700,15.220000,15.230000,15.220000,15.220000,2625
20120403143800,15.230000,15.230000,15.220000,15.220000,200
20120403143900,15.227000,15.230000,15.220000,15.225000,1200
20120403144000,15.230000,15.270000,15.225000,15.260000,18554
20120403144100,15.260000,15.270000,15.240000,15.240000,3700
20120403144200,15.240000,15.240000,15.220000,15.220000,3660
20120403144300,15.220600,15.220600,15.210000,15.210100,5975
20120403144400,15.231000,15.231000,15.210000,15.226000,850
20120403144500,15.220000,15.230000,15.210000,15.210000,3186
20120403144600,15.210000,15.210000,15.210000,15.210000,300
20120403144700,15.219000,15.220000,15.210000,15.210000,1200
20120403144800,15.213000,15.219900,15.190000,15.190000,6900
20120403144900,15.200000,15.210000,15.180000,15.180000,3100
20120403145000,15.190000,15.200000,15.180000,15.190000,3731
20120403145100,15.190000,15.200000,15.190000,15.190000,2700
20120403145200,15.180000,15.190000,15.175000,15.175000,2510
20120403145300,15.170000,15.170000,15.070000,15.070000,20527
20120403145400,15.070000,15.135000,15.065000,15.130000,8900
20120403145500,15.150000,15.150000,15.125000,15.150000,2500
20120403145600,15.150000,15.180000,15.145000,15.160000,11215
20120403145700,15.175000,15.190000,15.100000,15.100100,9100
20120403145800,15.120000,15.130000,15.100000,15.125000,6500
20120403145900,15.140000,15.140000,15.060000,15.095000,21200
20120403150000,15.095000,15.140000,15.090000,15.130000,5400
20120403150100,15.138000,15.140000,15.090000,15.090000,4300
20120403150200,15.090000,15.100000,15.080000,15.100000,24100
20120403150300,15.100000,15.100000,15.090000,15.099000,4600
20120403150400,15.100000,15.100000,15.090000,15.095000,1100
20120403150500,15.090000,15.100000,15.090000,15.100000,2430
20120403150600,15.130000,15.230000,15.120000,15.120800,6970
20120403150700,15.135000,15.135000,15.120100,15.120100,350
20120403150800,15.140000,15.160000,15.130000,15.130000,4570
20120403150900,15.150000,15.150000,15.130000,15.130000,2300
20120403151000,15.130000,15.130000,15.110000,15.110000,7400
20120403151100,15.120000,15.120000,15.110000,15.110000,3700
20120403151200,15.110000,15.110000,15.110000,15.110000,900
20120403151300,15.110000,15.115000,15.110000,15.110000,1300
20120403151400,15.115000,15.120000,15.110000,15.115000,4600
20120403151500,15.110000,15.150000,15.110000,15.130000,10053
20120403151600,15.140000,15.150000,15.130000,15.130000,4300
20120403151700,15.140000,15.140000,15.099000,15.099000,10530
20120403151800,15.090000,15.100000,15.070000,15.070000,4900
20120403151900,15.060000,15.100000,15.050000,15.080000,44330
20120403152000,15.079000,15.079000,15.030000,15.039300,9200
20120403152100,15.030000,15.040000,15.030000,15.039800,16605
20120403152200,15.040000,15.050000,15.030000,15.049900,3100
20120403152300,15.040000,15.050000,15.020000,15.030000,6375
20120403152400,15.030000,15.030000,15.020000,15.022900,1016
20120403152500,15.030000,15.030000,15.020000,15.030000,7240
20120403152600,15.020000,15.040000,15.020000,15.030000,7274
20120403152700,15.040000,15.070000,15.030000,15.060000,29506
20120403152800,15.050000,15.058000,15.010000,15.010000,17323
20120403152900,15.020000,15.050000,15.020000,15.020000,6235
20120403153000,15.020000,15.030000,15.020000,15.030000,2370
20120403153100,15.020000,15.080000,15.020000,15.050000,12723
20120403153200,15.055000,15.055000,15.045000,15.047100,2400
20120403153300,15.050000,15.050000,15.045000,15.045000,2170
20120403153400,15.050000,15.050000,15.030000,15.050000,5620
20120403153500,15.040000,15.050000,15.040000,15.050000,5200
20120403153600,15.050000,15.050000,15.030000,15.040000,5000
20120403153700,15.040000,15.050000,14.965000,14.980000,118554
20120403153800,14.980000,14.980000,14.960000,14.960000,3863
20120403153900,14.970000,15.030000,14.969800,15.010000,10188
20120403154000,15.010000,15.030000,14.960000,14.979900,16008
20120403154100,14.970000,14.990000,14.970000,14.989900,8410
20120403154200,14.990000,15.040000,14.990000,15.030000,24381
20120403154300,15.030000,15.050000,15.020000,15.020000,18700
20120403154400,15.030000,15.040000,15.025000,15.040000,16820
20120403154500,15.035000,15.045000,15.030000,15.040000,15575
20120403154600,15.040000,15.040000,15.030000,15.030000,8457
20120403154700,15.040000,15.070000,15.030000,15.050000,11300
20120403154800,15.050000,15.060000,15.050000,15.060000,3500
20120403154900,15.050000,15.050000,14.990000,14.990000,24890
20120403155000,14.995000,15.030000,14.995000,15.029900,13983
20120403155100,15.030000,15.060000,15.030000,15.060000,7062
20120403155200,15.060000,15.060000,14.990000,14.995000,24693
20120403155300,15.000000,15.050000,15.000000,15.020000,20090
20120403155400,15.029900,15.030100,15.020000,15.030000,3384
20120403155500,15.035700,15.040000,15.000000,15.000000,15700
20120403155600,15.025500,15.030000,14.995000,15.000000,3150
20120403155700,15.005000,15.030000,14.990000,15.010000,26468
20120403155800,15.010000,15.050000,15.000000,15.010000,31532
20120403155900,15.010000,15.050000,14.980000,14.990000,25693
20120403160000,14.990000,14.990000,14.990000,14.990000,500
20120403160400,15.184100,15.184100,15.184100,15.184100,100
20120403161400,14.970000,14.970000,14.970000,14.970000,253
20120403161500,14.970000,14.970000,14.950000,14.950000,1747
20120403161600,14.950000,14.950000,14.950000,14.950000,1997
20120403161900,14.920000,14.920000,14.920000,14.920000,100
20120403162000,14.920000,14.920000,14.920000,14.920000,500
20120403162100,14.910000,14.910000,14.910000,14.910000,200
20120403162300,15.191100,15.191100,15.191100,15.191100,39018
20120403162400,14.950000,14.950000,14.950000,14.950000,100
20120403164100,14.950000,14.950000,14.950000,14.950000,188
20120403165300,14.950000,14.950000,14.950000,14.950000,100
20120403170700,14.970000,14.970000,14.970000,14.970000,500
20120403172700,15.020000,15.020000,15.020000,15.020000,100
20120403172900,15.020000,15.020000,15.020000,15.020000,488
20120403180400,15.000000,15.000000,15.000000,15.000000,100
20120403185100,14.980000,14.980000,14.980000,14.980000,200
20120403185800,15.000000,15.000000,15.000000,15.000000,905
20120403190000,14.970000,14.970000,14.970000,14.970000,695
20120403190200,14.970000,14.970000,14.970000,14.970000,305
20120403191200,14.950000,14.950000,14.950000,14.950000,395
20120403195200,14.950000,14.950000,14.950000,14.950000,200
20120403195300,14.900000,14.900000,14.900000,14.900000,100
